use bank;

INSERT INTO Branches (barnch_name, city, address, phone) VALUES
('Main Branch', 'Cairo', '123 Tahrir St', '01011111101'), ('Giza Square', 'Giza', '45 Pyramids Rd', '01011111102'),
('Alex Library', 'Alexandria', 'Corniche Road', '01011111103'), ('Maadi South', 'Cairo', 'Street 9', '01011111104'),
('Zamalek Art', 'Cairo', '26 July St', '01011111105'), ('Heliopolis', 'Cairo', 'Korba Sq', '01011111106'),
('Mansoura Central', 'Mansoura', 'Thawra St', '01011111107'), ('Tanta City', 'Tanta', 'Saeed St', '01011111108'),
('Luxor West', 'Luxor', 'Temple St', '01011111109'), ('Aswan High', 'Aswan', 'Nile Corniche', '01011111110'),
('Hurghada Sea', 'Hurghada', 'Sheraton St', '01011111111'), ('Sharm Sheikh', 'Sharm', 'Naama Bay', '01011111112'),
('Dokki West', 'Giza', 'Mossadak St', '01011111113'), ('Nasr City 1', 'Cairo', 'Abbas El Akkad', '01011111114'),
('Obour Industrial', 'Obour', 'Zone 1', '01011111115'), ('Port Said', 'Port Said', 'Port St', '01011111116'),
('Suez Canal', 'Suez', 'Arbaeen Sq', '01011111117'), ('Ismailia', 'Ismailia', 'Sultan St', '01011111118'),
('Damietta', 'Damietta', 'Main St', '01011111119'), ('Sohag', 'Sohag', 'Nile St', '01011111120'),
('Asyut Uni', 'Asyut', 'University St', '01011111121'), ('Minya', 'Minya', 'Corniche', '01011111122'),
('Beni Suef', 'Beni Suef', 'Bridge St', '01011111123'), ('Fayoum', 'Fayoum', 'Azhar St', '01011111124'),
('Zagazig', 'Zagazig', 'Galaa St', '01011111125'), ('Shubra', 'Cairo', 'Shubra St', '01011111126'),
('Rehab City', 'Cairo', 'Mall 1', '01011111127'), ('Madinaty', 'Cairo', 'South Gate', '01011111128'),
('October 6', 'Giza', 'Hosary Sq', '01011111129'), ('Sheikh Zayed', 'Giza', 'Hyper One', '01011111130'),
('New Cairo', 'Cairo', '90th St', '01011111131'), ('Banha', 'Banha', 'Signal St', '01011111132'),
('Kafr El Sheikh', 'Kafr El Sheikh', 'Stadium St', '01011111133'), ('Damanhur', 'Beheira', 'Station St', '01011111134'),
('Marsa Matrouh', 'Matrouh', 'Beach St', '01011111135'), ('El Arish', 'Sinai', 'Coastal Rd', '01011111136'),
('Tor Sinai', 'Sinai', 'Government St', '01011111137'), ('Qena', 'Qena', 'Railway St', '01011111138'),
('Edfu', 'Aswan', 'Market St', '01011111139'), ('Marsa Alam', 'Red Sea', 'Airport Rd', '01011111140'),
('Siwa Oasis', 'Matrouh', 'Siwa Sq', '01011111141'), ('Sadat City', 'Monufia', 'Industry St', '01011111142'),
('Shebin El Kom', 'Monufia', 'Military St', '01011111143'), ('Qalyub', 'Qalyubia', 'Cairo Rd', '01011111144'),
('Mallawi', 'Minya', 'Agricultural St', '01011111145'), ('Talkha', 'Dakahlia', 'Bridge St', '01011111146'),
('Mit Ghamr', 'Dakahlia', 'Nile Rd', '01011111147'), ('Kafr El Zayat', 'Gharbia', 'Station St', '01011111148'),
('Rosetta', 'Beheira', 'River St', '01011111149'), ('Baltim', 'Kafr El Sheikh', 'Resort St', '01011111150');

INSERT INTO Customers (first_name, last_name, date_of_birth, national_id, Phone, email, address) VALUES
('Ahmed', 'Ali', '1985-05-12', '285051201001', '01110000001', 'ahmed.ali@email.com', 'Cairo, Egypt'),
('Mohamed', 'Sayed', '1990-08-22', '290082201002', '01110000002', 'mohamed.sayed@email.com', 'Giza, Egypt'),
('Sara', 'Hassan', '1995-02-10', '295021001003', '01110000003', 'sara.hassan@email.com', 'Alex, Egypt'),
('Mona', 'Zaki', '1988-11-30', '288113001004', '01110000004', 'mona.zaki@email.com', 'Tanta, Egypt'),
('Khaled', 'Omar', '1982-04-15', '282041501005', '01110000005', 'khaled.omar@email.com', 'Mansoura, Egypt'),
('Fatima', 'Ibrahim', '1992-07-20', '292072001006', '01110000006', 'fatima.ib@email.com', 'Luxor, Egypt'),
('Youssef', 'Taha', '2000-01-01', '300010101007', '01110000007', 'youssef.t@email.com', 'Aswan, Egypt'),
('Laila', 'Magdy', '1998-09-14', '298091401008', '01110000008', 'laila.m@email.com', 'Cairo, Egypt'),
('Hany', 'Adel', '1975-03-25', '275032501009', '01110000009', 'hany.adel@email.com', 'Alex, Egypt'),
('Nour', 'Salem', '1993-12-05', '293120501010', '01110000010', 'nour.s@email.com', 'Suez, Egypt'),
('Amr', 'Ezzat', '1987-06-18', '287061801011', '01110000011', 'amr.e@email.com', 'Giza, Egypt'),
('Dina', 'Fouad', '1991-10-22', '291102201012', '01110000012', 'dina.f@email.com', 'Cairo, Egypt'),
('Tarek', 'Kamal', '1984-08-08', '284080801013', '01110000013', 'tarek.k@email.com', 'Hurghada, Egypt'),
('Eman', 'Hossam', '1996-05-15', '296051501014', '01110000014', 'eman.h@email.com', 'Sharm, Egypt'),
('Mahmoud', 'Saad', '1980-01-20', '280012001015', '01110000015', 'mahmoud.s@email.com', 'Port Said, Egypt'),
('Salma', 'Nasr', '1999-03-12', '299031201016', '01110000016', 'salma.n@email.com', 'Damietta, Egypt'),
('Hassan', 'Reda', '1970-12-25', '270122501017', '01110000017', 'hassan.r@email.com', 'Sohag, Egypt'),
('Zainab', 'Ali', '1994-04-04', '294040401018', '01110000018', 'zainab.a@email.com', 'Cairo, Egypt'),
('Mostafa', 'Gaber', '1989-02-28', '289022801019', '01110000019', 'mostafa.g@email.com', 'Giza, Egypt'),
('Rania', 'Farouk', '1997-07-07', '297070701020', '01110000020', 'rania.f@email.com', 'Alex, Egypt'),
('Waleed', 'Nabil', '1983-09-19', '283091901021', '01110000021', 'waleed.n@email.com', 'Beni Suef, Egypt'),
('Ola', 'Mahmoud', '1992-01-30', '292013001022', '01110000022', 'ola.m@email.com', 'Fayoum, Egypt'),
('Sherif', 'Anwar', '1986-06-14', '286061401023', '01110000023', 'sherif.a@email.com', 'Zagazig, Egypt'),
('Basma', 'Hamdy', '1995-10-10', '295101001024', '01110000024', 'basma.h@email.com', 'Cairo, Egypt'),
('Ihab', 'Refaat', '1978-05-05', '278050501025', '01110000025', 'ihab.r@email.com', 'Alex, Egypt'),
('Mai', 'Samy', '1993-08-16', '293081601026', '01110000026', 'mai.s@email.com', 'October 6, Egypt'),
('Sameh', 'Nasser', '1981-11-11', '281111101027', '01110000027', 'sameh.n@email.com', 'New Cairo, Egypt'),
('Azza', 'Kamel', '1988-04-20', '288042001028', '01110000028', 'azza.k@email.com', 'Mansoura, Egypt'),
('Hazem', 'Galal', '1990-12-12', '290121201029', '01110000029', 'hazem.g@email.com', 'Ismailia, Egypt'),
('Nada', 'Yassin', '1998-02-02', '298020201030', '01110000030', 'nada.y@email.com', 'Banha, Egypt'),
('Yasser', 'Abdo', '1979-06-30', '279063001031', '01110000031', 'yasser.a@email.com', 'Qena, Egypt'),
('Heba', 'Lotfy', '1994-09-09', '294090901032', '01110000032', 'heba.l@email.com', 'Sohag, Egypt'),
('Karim', 'Saeed', '1991-03-15', '291031501033', '01110000033', 'karim.s@email.com', 'Cairo, Egypt'),
('Layla', 'Fathy', '1996-07-18', '296071801034', '01110000034', 'layla.f@email.com', 'Alex, Egypt'),
('Ashraf', 'Mounir', '1984-12-24', '284122401035', '01110000035', 'ashraf.m@email.com', 'Giza, Egypt'),
('Yara', 'Hassan', '2001-05-05', '301050501036', '01110000036', 'yara.h@email.com', 'Madinaty, Egypt'),
('Fady', 'Ehab', '1987-10-01', '287100101037', '01110000037', 'fady.e@email.com', 'Rehab, Egypt'),
('Ghada', 'Adly', '1992-02-14', '292021401038', '01110000038', 'ghada.a@email.com', 'Nasr City, Egypt'),
('Omar', 'Sharif', '1985-08-19', '285081901039', '01110000039', 'omar.sh@email.com', 'Zamalek, Egypt'),
('Reem', 'Badr', '1999-11-20', '299112001040', '01110000040', 'reem.b@email.com', 'Maadi, Egypt'),
('Amir', 'Wagih', '1980-04-04', '280040401041', '01110000041', 'amir.w@email.com', 'Heliopolis, Egypt'),
('Noha', 'Soliman', '1993-06-06', '293060601042', '01110000042', 'noha.s@email.com', 'Dokki, Egypt'),
('Samy', 'Khalil', '1977-01-15', '277011501043', '01110000043', 'samy.kh@email.com', 'Obour, Egypt'),
('Yasmin', 'Gamal', '1995-09-25', '295092501044', '01110000044', 'yasmin.g@email.com', 'Sheriff St, Cairo'),
('Tamer', 'Hosny', '1982-08-12', '282081201045', '01110000045', 'tamer.h@email.com', 'Giza, Egypt'),
('Dalia', 'Zayed', '1990-03-30', '290033001046', '01110000046', 'dalia.z@email.com', 'Alex, Egypt'),
('Hamed', 'Shaker', '1983-05-22', '283052201047', '01110000047', 'hamed.s@email.com', 'Tanta, Egypt'),
('Sahar', 'Amin', '1988-07-11', '288071101048', '01110000048', 'sahar.a@email.com', 'Mansoura, Egypt'),
('Raafat', 'Hegazy', '1974-10-09', '274100901049', '01110000049', 'raafat.h@email.com', 'Luxor, Egypt'),
('Hend', 'Sabry', '1986-11-12', '286111201050', '01110000050', 'hend.s@email.com', 'Cairo, Egypt');

INSERT INTO Employees (first_name, last_name, position, salary, hire_date, branch_id) VALUES
('Ahmed', 'Zidan', 'Manager', 25000.00, '2010-01-01', 1), ('Mona', 'Eissa', 'Teller', 8000.00, '2015-03-12', 1),
('Ali', 'Bakr', 'Accountant', 12000.00, '2016-05-20', 2), ('Sara', 'Nour', 'Teller', 7500.00, '2018-09-01', 2),
('Omar', 'Fawzy', 'Manager', 22000.00, '2012-04-10', 3), ('Heba', 'Rashed', 'HR', 15000.00, '2014-11-15', 3),
('Khaled', 'Amer', 'Teller', 8200.00, '2019-02-10', 4), ('Nada', 'Kamal', 'Customer Service', 9000.00, '2020-01-05', 4),
('Youssef', 'Hassan', 'Manager', 24000.00, '2011-06-30', 5), ('Eman', 'Gaber', 'Teller', 7800.00, '2017-08-22', 5),
('Mohamed', 'Khalil', 'Accountant', 13000.00, '2015-02-14', 6), ('Dina', 'Samy', 'Teller', 7600.00, '2019-07-01', 6),
('Mostafa', 'Abdo', 'Manager', 21000.00, '2013-05-18', 7), ('Fatma', 'Said', 'Customer Service', 9500.00, '2021-03-12', 7),
('Tarek', 'Ezz', 'Teller', 8100.00, '2018-10-25', 8), ('Salma', 'Adly', 'Accountant', 12500.00, '2016-12-10', 8),
('Hany', 'Fouad', 'Manager', 23000.00, '2010-09-05', 9), ('Rania', 'Magdy', 'Teller', 7900.00, '2019-11-20', 9),
('Waleed', 'Anwar', 'Teller', 7700.00, '2020-05-15', 10), ('Ola', 'Hossam', 'Customer Service', 9200.00, '2021-06-01', 10),
('Ibrahim', 'Saad', 'Manager', 26000.00, '2008-01-20', 11), ('Mai', 'Nasr', 'Accountant', 14000.00, '2015-10-05', 11),
('Sherif', 'Hamdy', 'Teller', 8300.00, '2017-04-12', 12), ('Basma', 'Reda', 'Teller', 8000.00, '2018-02-28', 12),
('Amr', 'Saeed', 'Manager', 20000.00, '2014-08-14', 13), ('Laila', 'Ali', 'HR', 16000.00, '2016-03-19', 13),
('Zain', 'Badr', 'Teller', 8500.00, '2019-12-01', 14), ('Nour', 'Yassin', 'Customer Service', 8800.00, '2020-08-10', 14),
('Fady', 'Lotfy', 'Manager', 22500.00, '2012-11-11', 15), ('Ghada', 'Kamel', 'Teller', 7400.00, '2021-01-15', 15),
('Hazem', 'Galal', 'Accountant', 11500.00, '2017-09-09', 16), ('Yara', 'Farouk', 'Teller', 7300.00, '2018-05-05', 16),
('Ashraf', 'Mounir', 'Manager', 23500.00, '2011-02-14', 17), ('Reem', 'Sabry', 'Teller', 8000.00, '2019-06-06', 17),
('Amir', 'Wagih', 'Teller', 7900.00, '2020-03-03', 18), ('Noha', 'Soliman', 'Customer Service', 9100.00, '2021-09-25', 18),
('Samy', 'Shaker', 'Manager', 24500.00, '2010-07-07', 19), ('Yasmin', 'Amin', 'Accountant', 13500.00, '2016-01-15', 19),
('Tamer', 'Hegazy', 'Teller', 8200.00, '2017-12-12', 20), ('Dalia', 'Zayed', 'Teller', 8100.00, '2018-08-19', 20),
('Hamed', 'Zaki', 'Manager', 21500.00, '2013-10-10', 21), ('Sahar', 'Omar', 'HR', 15500.00, '2015-05-05', 21),
('Raafat', 'Taha', 'Teller', 7600.00, '2019-04-04', 22), ('Hend', 'Magdy', 'Customer Service', 8700.00, '2020-02-02', 22),
('Ehab', 'Kamal', 'Manager', 25500.00, '2009-12-25', 23), ('Azza', 'Fouad', 'Teller', 7800.00, '2021-07-18', 23),
('Sayed', 'Anwar', 'Accountant', 12800.00, '2016-11-20', 24), ('Maysa', 'Nabil', 'Teller', 7500.00, '2018-01-01', 24),
('Bader', 'Samy', 'Manager', 22000.00, '2012-06-06', 25), ('Khaled', 'Refaat', 'Teller', 8400.00, '2019-10-10', 25);

INSERT INTO Accounts (customer_id, branch_id, account_type, balance, status) VALUES
(1, 1, 'Savings', 50000.00, 'Active'), (2, 2, 'Checking', 12500.50, 'Active'),
(3, 3, 'Savings', 8000.00, 'Active'), (4, 4, 'Current', 150000.00, 'Active'),
(5, 5, 'Savings', 3200.00, 'Active'), (6, 6, 'Checking', 9400.00, 'Active'),
(7, 7, 'Current', 12000.00, 'Active'), (8, 8, 'Savings', 45000.00, 'Active'),
(9, 9, 'Checking', 1500.00, 'Active'), (10, 10, 'Savings', 67000.00, 'Active'),
(11, 11, 'Current', 8900.00, 'Active'), (12, 12, 'Savings', 11000.00, 'Active'),
(13, 13, 'Checking', 500.00, 'Active'), (14, 14, 'Savings', 250000.00, 'Active'),
(15, 15, 'Current', 34000.00, 'Active'), (16, 16, 'Savings', 1200.00, 'Active'),
(17, 17, 'Checking', 7800.00, 'Active'), (18, 18, 'Savings', 5500.00, 'Active'),
(19, 19, 'Current', 90000.00, 'Active'), (20, 20, 'Savings', 13000.00, 'Active'),
(21, 21, 'Checking', 4200.00, 'Active'), (22, 22, 'Savings', 31000.00, 'Active'),
(23, 23, 'Current', 150.00, 'Active'), (24, 24, 'Savings', 19000.00, 'Active'),
(25, 25, 'Checking', 6600.00, 'Active'), (26, 26, 'Savings', 22000.00, 'Active'),
(27, 27, 'Current', 7500.00, 'Active'), (28, 28, 'Savings', 400.00, 'Inactive'),
(29, 29, 'Checking', 8800.00, 'Active'), (30, 30, 'Savings', 10500.00, 'Active'),
(31, 31, 'Current', 60000.00, 'Active'), (32, 32, 'Savings', 2300.00, 'Active'),
(33, 33, 'Checking', 4700.00, 'Active'), (34, 34, 'Savings', 12800.00, 'Active'),
(35, 35, 'Current', 3300.00, 'Active'), (36, 36, 'Savings', 5000.00, 'Active'),
(37, 37, 'Checking', 19000.00, 'Active'), (38, 38, 'Savings', 42000.00, 'Active'),
(39, 39, 'Current', 1100.00, 'Active'), (40, 40, 'Savings', 9500.00, 'Active'),
(41, 41, 'Checking', 7200.00, 'Active'), (42, 42, 'Savings', 15500.00, 'Active'),
(43, 43, 'Current', 200.00, 'Active'), (44, 44, 'Savings', 88000.00, 'Active'),
(45, 45, 'Checking', 3100.00, 'Active'), (46, 46, 'Savings', 6400.00, 'Active'),
(47, 47, 'Current', 1400.00, 'Active'), (48, 48, 'Savings', 27000.00, 'Active'),
(49, 49, 'Checking', 900.00, 'Active'), (50, 50, 'Savings', 5200.00, 'Active');

INSERT INTO Transfers (from_account_id, to_account_id, amount, status) VALUES
(1, 2, 500.00, 'Completed'), (3, 4, 1000.00, 'Completed'), (5, 6, 200.00, 'Completed'),
(7, 8, 1500.00, 'Completed'), (9, 10, 50.00, 'Completed'), (11, 12, 3000.00, 'Completed'),
(13, 14, 100.00, 'Completed'), (15, 16, 450.00, 'Completed'), (17, 18, 1200.00, 'Completed'),
(19, 20, 2500.00, 'Completed'), (21, 22, 600.00, 'Completed'), (23, 24, 30.00, 'Completed'),
(25, 26, 800.00, 'Completed'), (27, 28, 150.00, 'Completed'), (29, 30, 2000.00, 'Completed'),
(31, 32, 5000.00, 'Completed'), (33, 34, 75.00, 'Completed'), (35, 36, 900.00, 'Completed'),
(37, 38, 1100.00, 'Completed'), (39, 40, 250.00, 'Completed'), (41, 42, 1300.00, 'Completed'),
(43, 44, 20.00, 'Completed'), (45, 46, 400.00, 'Completed'), (47, 48, 60.00, 'Completed'),
(49, 50, 180.00, 'Completed'), (2, 1, 300.00, 'Completed'), (4, 3, 2000.00, 'Completed'),
(6, 5, 120.00, 'Completed'), (8, 7, 500.00, 'Completed'), (10, 9, 40.00, 'Completed'),
(12, 11, 1500.00, 'Completed'), (14, 13, 1000.00, 'Completed'), (16, 15, 200.00, 'Completed'),
(18, 17, 350.00, 'Completed'), (20, 19, 4000.00, 'Completed'), (22, 21, 900.00, 'Completed'),
(24, 23, 10.00, 'Completed'), (26, 25, 550.00, 'Completed'), (28, 27, 100.00, 'Completed'),
(30, 29, 850.00, 'Completed'), (32, 31, 2200.00, 'Completed'), (34, 33, 60.00, 'Completed'),
(36, 35, 110.00, 'Completed'), (38, 37, 3000.00, 'Completed'), (40, 39, 400.00, 'Completed'),
(42, 41, 700.00, 'Completed'), (44, 43, 50.00, 'Completed'), (46, 45, 210.00, 'Completed'),
(48, 47, 95.00, 'Completed'), (50, 49, 300.00, 'Completed');

INSERT INTO Transactions (account_id, transaction_type, amount, description) VALUES
(1, 'Deposit', 10000.00, 'Salary Deposit'), (2, 'Withdrawal', 200.00, 'ATM Cash'),
(3, 'Deposit', 500.00, 'Cash Deposit'), (4, 'Withdrawal', 5000.00, 'Online Shopping'),
(5, 'Deposit', 1200.00, 'Refund'), (6, 'Withdrawal', 100.00, 'ATM Cash'),
(7, 'Deposit', 3000.00, 'Project Payment'), (8, 'Withdrawal', 1500.00, 'Rent Payment'),
(9, 'Deposit', 200.00, 'Gift'), (10, 'Withdrawal', 1000.00, 'Bill Payment'),
(11, 'Deposit', 4500.00, 'Salary'), (12, 'Withdrawal', 300.00, 'Pharmacy'),
(13, 'Deposit', 100.00, 'Adjustment'), (14, 'Withdrawal', 20000.00, 'Car Installment'),
(15, 'Deposit', 6000.00, 'Bonus'), (16, 'Withdrawal', 50.00, 'Service Fee'),
(17, 'Deposit', 1500.00, 'Cash Deposit'), (18, 'Withdrawal', 400.00, 'Restaurant'),
(19, 'Deposit', 8000.00, 'Sale of Goods'), (20, 'Withdrawal', 1200.00, 'Supermarket'),
(21, 'Deposit', 500.00, 'Pocket Money'), (22, 'Withdrawal', 2500.00, 'Travel Booking'),
(23, 'Deposit', 1000.00, 'Deposit'), (24, 'Withdrawal', 300.00, 'ATM'),
(25, 'Deposit', 2200.00, 'Salary'), (26, 'Withdrawal', 150.00, 'Mobile Bill'),
(27, 'Deposit', 400.00, 'Transfer Received'), (28, 'Withdrawal', 20.00, 'SMS Fee'),
(29, 'Deposit', 3100.00, 'Salary'), (30, 'Withdrawal', 600.00, 'Electricity'),
(31, 'Deposit', 12000.00, 'Incentive'), (32, 'Withdrawal', 100.00, 'ATM'),
(33, 'Deposit', 800.00, 'Cash Deposit'), (34, 'Withdrawal', 2000.00, 'School Fees'),
(35, 'Deposit', 500.00, 'Refund'), (36, 'Withdrawal', 350.00, 'Fuel'),
(37, 'Deposit', 4000.00, 'Freelance work'), (38, 'Withdrawal', 900.00, 'Clothing'),
(39, 'Deposit', 150.00, 'Small Deposit'), (40, 'Withdrawal', 1200.00, 'Maintenance'),
(41, 'Deposit', 5500.00, 'Salary'), (42, 'Withdrawal', 250.00, 'ATM'),
(43, 'Deposit', 600.00, 'Gift'), (44, 'Withdrawal', 4000.00, 'Loan Interest'),
(45, 'Deposit', 1100.00, 'Dividends'), (46, 'Withdrawal', 80.00, 'Bank Fees'),
(47, 'Deposit', 2000.00, 'Sales'), (48, 'Withdrawal', 500.00, 'ATM'),
(49, 'Deposit', 300.00, 'Rebate'), (50, 'Withdrawal', 1000.00, 'Insurance');

INSERT INTO Cards (account_id, card_number, Card_type, expiry_date, cvv, status) VALUES
(1, 10012001, 'Debit', '2028-12-01', 123, 'Active'), (2, 10012002, 'Credit', '2027-05-15', 456, 'Active'),
(3, 10012003, 'Debit', '2026-08-20', 789, 'Active'), (4, 10012004, 'Credit', '2029-01-10', 321, 'Active'),
(5, 10012005, 'Debit', '2028-03-25', 654, 'Active'), (6, 10012006, 'Debit', '2027-11-12', 987, 'Active'),
(7, 10012007, 'Credit', '2026-04-30', 159, 'Active'), (8, 10012008, 'Debit', '2028-07-07', 753, 'Active'),
(9, 10012009, 'Debit', '2027-09-18', 456, 'Blocked'), (10, 10012010, 'Credit', '2029-12-31', 852, 'Active'),
(11, 10012011, 'Debit', '2026-02-14', 147, 'Active'), (12, 10012012, 'Debit', '2028-05-22', 369, 'Active'),
(13, 10012013, 'Credit', '2027-10-01', 258, 'Active'), (14, 10012014, 'Debit', '2029-06-15', 951, 'Active'),
(15, 10012015, 'Debit', '2026-01-20', 123, 'Active'), (16, 10012016, 'Credit', '2028-08-08', 456, 'Active'),
(17, 10012017, 'Debit', '2027-03-12', 789, 'Active'), (18, 10012018, 'Debit', '2026-07-04', 321, 'Active'),
(19, 10012019, 'Credit', '2029-11-20', 654, 'Active'), (20, 10012020, 'Debit', '2028-02-28', 987, 'Active'),
(21, 10012021, 'Debit', '2027-04-12', 159, 'Active'), (22, 10012022, 'Credit', '2026-10-10', 753, 'Active'),
(23, 10012023, 'Debit', '2028-09-19', 456, 'Active'), (24, 10012024, 'Debit', '2027-12-12', 852, 'Active'),
(25, 10012025, 'Credit', '2029-01-01', 147, 'Active'), (26, 10012026, 'Debit', '2026-05-05', 369, 'Active'),
(27, 10012027, 'Debit', '2028-08-14', 258, 'Active'), (28, 10012028, 'Credit', '2027-02-02', 951, 'Expired'),
(29, 10012029, 'Debit', '2029-03-15', 123, 'Active'), (30, 10012030, 'Debit', '2026-11-11', 456, 'Active'),
(31, 10012031, 'Credit', '2028-04-20', 789, 'Active'), (32, 10012032, 'Debit', '2027-06-30', 321, 'Active'),
(33, 10012033, 'Debit', '2026-09-09', 654, 'Active'), (34, 10012034, 'Credit', '2029-07-18', 987, 'Active'),
(35, 10012035, 'Debit', '2028-12-24', 159, 'Active'), (36, 10012036, 'Debit', '2027-05-05', 753, 'Active'),
(37, 10012037, 'Credit', '2026-10-01', 456, 'Active'), (38, 10012038, 'Debit', '2029-02-14', 852, 'Active'),
(39, 10012039, 'Debit', '2028-08-19', 147, 'Active'), (40, 10012040, 'Credit', '2027-11-20', 369, 'Active'),
(41, 10012041, 'Debit', '2026-04-04', 258, 'Active'), (42, 10012042, 'Debit', '2029-06-06', 951, 'Active'),
(43, 10012043, 'Credit', '2028-01-15', 123, 'Active'), (44, 10012044, 'Debit', '2027-09-25', 456, 'Active'),
(45, 10012045, 'Debit', '2026-08-12', 789, 'Active'), (46, 10012046, 'Credit', '2029-03-30', 321, 'Active'),
(47, 10012047, 'Debit', '2028-05-22', 654, 'Active'), (48, 10012048, 'Debit', '2027-07-11', 987, 'Active'),
(49, 10012049, 'Credit', '2026-10-09', 159, 'Active'), (50, 10012050, 'Debit', '2029-11-12', 753, 'Active');

INSERT INTO Loans (customer_id, loan_amount, interest_rate, start_Date, end_date, status) VALUES
(1, 50000.00, 5.50, '2023-01-01', '2028-01-01', 'Active'), (2, 10000.00, 7.00, '2023-05-10', '2024-05-10', 'Active'),
(3, 25000.00, 6.25, '2022-10-15', '2025-10-15', 'Active'), (4, 150000.00, 4.00, '2021-03-20', '2031-03-20', 'Active'),
(5, 5000.00, 10.00, '2024-01-01', '2024-12-01', 'Active'), (6, 30000.00, 5.75, '2023-06-01', '2027-06-01', 'Active'),
(7, 12000.00, 8.50, '2023-02-15', '2025-02-15', 'Active'), (8, 45000.00, 5.00, '2022-09-01', '2027-09-01', 'Active'),
(9, 2000.00, 12.00, '2024-02-10', '2024-08-10', 'Active'), (10, 70000.00, 4.50, '2021-11-20', '2026-11-20', 'Active'),
(11, 8000.00, 9.00, '2023-12-01', '2024-12-01', 'Active'), (12, 11000.00, 7.50, '2023-04-12', '2025-04-12', 'Active'),
(13, 500.00, 15.00, '2024-03-01', '2024-04-01', 'Active'), (14, 250000.00, 3.50, '2020-01-01', '2030-01-01', 'Active'),
(15, 34000.00, 6.00, '2022-07-07', '2026-07-07', 'Active'), (16, 1500.00, 11.00, '2024-01-15', '2024-06-15', 'Active'),
(17, 9000.00, 8.00, '2023-05-25', '2025-05-25', 'Active'), (18, 6000.00, 9.50, '2023-08-19', '2024-08-19', 'Active'),
(19, 100000.00, 4.25, '2021-12-12', '2028-12-12', 'Active'), (20, 13000.00, 7.25, '2022-11-30', '2025-11-30', 'Active'),
(21, 4000.00, 10.50, '2024-02-02', '2025-02-02', 'Active'), (22, 31000.00, 5.50, '2023-01-20', '2028-01-20', 'Active'),
(23, 1000.00, 14.00, '2024-03-15', '2024-09-15', 'Active'), (24, 19000.00, 6.75, '2023-04-04', '2026-04-04', 'Active'),
(25, 6000.00, 8.75, '2023-10-10', '2024-10-10', 'Active'), (26, 22000.00, 6.00, '2022-05-05', '2026-05-05', 'Active'),
(27, 7000.00, 9.25, '2023-08-14', '2025-08-14', 'Active'), (28, 5000.00, 5.00, '2024-01-01', '2024-03-01', 'Closed'),
(29, 8000.00, 8.50, '2023-12-12', '2024-12-12', 'Active'), (30, 10500.00, 7.00, '2023-02-02', '2025-02-02', 'Active'),
(31, 60000.00, 4.75, '2021-06-30', '2026-06-30', 'Active'), (32, 2500.00, 11.50, '2024-04-01', '2024-10-01', 'Active'),
(33, 4500.00, 9.75, '2023-09-09', '2024-09-09', 'Active'), (34, 12000.00, 7.25, '2023-07-18', '2026-07-18', 'Active'),
(35, 3000.00, 10.00, '2024-02-24', '2025-02-24', 'Active'), (36, 5000.00, 8.25, '2023-05-05', '2025-05-05', 'Active'),
(37, 18000.00, 6.50, '2022-10-01', '2026-10-01', 'Active'), (38, 40000.00, 5.25, '2021-02-14', '2027-02-14', 'Active'),
(39, 1200.00, 13.00, '2024-03-19', '2024-09-19', 'Active'), (40, 9000.00, 8.00, '2023-11-20', '2025-11-20', 'Active'),
(41, 7500.00, 9.00, '2023-04-04', '2024-04-04', 'Active'), (42, 15000.00, 7.50, '2022-06-06', '2025-06-06', 'Active'),
(43, 2000.00, 12.50, '2024-01-15', '2024-07-15', 'Active'), (44, 85000.00, 4.10, '2021-09-25', '2028-09-25', 'Active'),
(45, 3000.00, 10.50, '2023-12-12', '2024-12-12', 'Active'), (46, 6000.00, 8.75, '2023-03-30', '2025-03-30', 'Active'),
(47, 1500.00, 14.50, '2024-02-22', '2024-08-22', 'Active'), (48, 26000.00, 6.00, '2022-07-11', '2026-07-11', 'Active'),
(49, 1000.00, 15.00, '2024-04-09', '2024-05-09', 'Active'), (50, 5000.00, 9.00, '2023-11-12', '2024-11-12', 'Active');

INSERT INTO Loan_Payments (loan_id, amount) VALUES
(1, 1000.00), (2, 850.00), (3, 700.00), (4, 2500.00), (5, 450.00),
(6, 600.00), (7, 500.00), (8, 900.00), (9, 350.00), (10, 1200.00),
(11, 700.00), (12, 550.00), (13, 500.00), (14, 3000.00), (15, 800.00),
(16, 300.00), (17, 400.00), (18, 550.00), (19, 1500.00), (20, 600.00),
(21, 350.00), (22, 750.00), (23, 200.00), (24, 650.00), (25, 600.00),
(26, 500.00), (27, 400.00), (28, 5000.00), (29, 700.00), (30, 500.00),
(31, 1200.00), (32, 450.00), (33, 400.00), (34, 450.00), (35, 300.00),
(36, 250.00), (37, 500.00), (38, 800.00), (39, 200.00), (40, 450.00),
(41, 650.00), (42, 500.00), (43, 350.00), (44, 1400.00), (45, 250.00),
(46, 300.00), (47, 280.00), (48, 700.00), (49, 1000.00), (50, 450.00);